{
  "DER": {
    "top_1": {
      "1": [
        0.908,
        0.798,
        0.917,
        0.987,
        0.833
      ],
      "2": [
        0.856,
        0.808,
        0.984,
        0.934,
        0.855
      ],
      "3": [
        0.922,
        0.949,
        0.945,
        0.971,
        0.838
      ],
      "4": [
        0.99,
        0.885,
        0.924,
        0.763,
        0.838
      ],
      "5": [
        0.905,
        0.922,
        0.923,
        0.959,
        0.943
      ]
    },
    "bottom_1": {
      "1": [
        0.0,
        0.0,
        0.0,
        0.0,
        0.0
      ],
      "2": [
        0.0,
        0.0,
        0.0,
        0.0,
        0.0
      ],
      "3": [
        0.0,
        0.0,
        0.0,
        0.0,
        0.0
      ],
      "4": [
        0.0,
        0.0,
        0.0,
        0.0,
        0.0
      ],
      "5": [
        0.0,
        0.0,
        0.0,
        0.0,
        0.0
      ]
    },
    "avg_acc": {
      "1": [
        0.1813,
        0.1595,
        0.1595,
        0.1737,
        0.152
      ],
      "2": [
        0.2401,
        0.1743,
        0.2115,
        0.2126,
        0.2107
      ],
      "3": [
        0.1953,
        0.2454,
        0.2691,
        0.1891,
        0.2837
      ],
      "4": [
        0.2445,
        0.2883,
        0.2678,
        0.3357,
        0.2959
      ],
      "5": [
        0.2517,
        0.2336,
        0.2776,
        0.2859,
        0.2531
      ]
    },
    "ram": [
      2592.375,
      2592.55859375,
      2594.42578125,
      2593.3671875,
      2593.62890625
    ],
    "vram": [
      1694.25537109375,
      1694.25537109375,
      1694.25537109375,
      1694.25537109375,
      1694.25537109375
    ],
    "wc": [
      252.30235743522644,
      229.07242512702942,
      230.3994221687317,
      230.25409579277039,
      230.00054097175598
    ],
    "avg_forgetting": {
      "2": [
        0.44249999999999995,
        0.684,
        0.6120000000000001,
        0.6715,
        0.42800000000000005
      ],
      "3": [
        0.67925,
        0.627,
        0.6135,
        0.8130000000000001,
        0.39374999999999993
      ],
      "4": [
        0.6546666666666666,
        0.6398333333333333,
        0.7101666666666666,
        0.5511666666666666,
        0.5061666666666667
      ],
      "5": [
        0.69425,
        0.763625,
        0.705625,
        0.7116250000000001,
        0.652125
      ]
    }
  },
  "DER++": {
    "top_1": {
      "1": [
        0.938,
        0.829,
        0.945,
        0.989,
        0.825
      ],
      "2": [
        0.899,
        0.786,
        0.983,
        0.862,
        0.784
      ],
      "3": [
        0.926,
        0.947,
        0.926,
        0.971,
        0.897
      ],
      "4": [
        0.97,
        0.843,
        0.889,
        0.779,
        0.755
      ],
      "5": [
        0.91,
        0.896,
        0.866,
        0.953,
        0.938
      ]
    },
    "bottom_1": {
      "1": [
        0.0,
        0.0,
        0.0,
        0.0,
        0.0
      ],
      "2": [
        0.0,
        0.0,
        0.0,
        0.0,
        0.0
      ],
      "3": [
        0.0,
        0.0,
        0.0,
        0.0,
        0.0
      ],
      "4": [
        0.0,
        0.0,
        0.0,
        0.0,
        0.0
      ],
      "5": [
        0.079,
        0.048,
        0.03,
        0.027,
        0.0
      ]
    },
    "avg_acc": {
      "1": [
        0.1836,
        0.1602,
        0.1631,
        0.1757,
        0.1561
      ],
      "2": [
        0.2777,
        0.1948,
        0.2171,
        0.2535,
        0.228
      ],
      "3": [
        0.265,
        0.2754,
        0.3133,
        0.2019,
        0.329
      ],
      "4": [
        0.3517,
        0.3955,
        0.3237,
        0.3704,
        0.4201
      ],
      "5": [
        0.3929,
        0.3576,
        0.4197,
        0.3843,
        0.3755
      ]
    },
    "ram": [
      2593.40234375,
      2591.66796875,
      2593.22265625,
      2594.53125,
      2592.9375
    ],
    "vram": [
      1694.25537109375,
      1694.25537109375,
      1694.25537109375,
      1694.25537109375,
      1694.25537109375
    ],
    "wc": [
      232.56455993652344,
      231.41551733016968,
      231.06408739089966,
      230.94828343391418,
      230.67657208442688
    ],
    "avg_forgetting": {
      "2": [
        0.16199999999999992,
        0.607,
        0.531,
        0.39300000000000007,
        0.39449999999999996
      ],
      "3": [
        0.4725,
        0.5685,
        0.469,
        0.74075,
        0.2865
      ],
      "4": [
        0.4491666666666667,
        0.45133333333333336,
        0.5826666666666666,
        0.4623333333333333,
        0.27133333333333326
      ],
      "5": [
        0.49625,
        0.595,
        0.48525,
        0.562375,
        0.454
      ]
    }
  },
  "EWC": {
    "top_1": {
      "1": [
        0.979
      ],
      "2": [
        0.919
      ],
      "3": [
        0.851
      ],
      "4": [
        0.915
      ],
      "5": [
        0.817
      ]
    },
    "bottom_1": {
      "1": [
        0.0
      ],
      "2": [
        0.0
      ],
      "3": [
        0.0
      ],
      "4": [
        0.0
      ],
      "5": [
        0.0
      ]
    },
    "avg_acc": {
      "1": [
        0.1948
      ],
      "2": [
        0.152
      ],
      "3": [
        0.164
      ],
      "4": [
        0.1825
      ],
      "5": [
        0.1613
      ]
    },
    "ram": [
      2364.98828125
    ],
    "vram": [
      1764.49267578125
    ],
    "wc": [
      2858.3808012008667
    ],
    "avg_forgetting": {
      "2": [
        0.974
      ],
      "3": [
        0.867
      ],
      "4": [
        0.8513333333333334
      ],
      "5": [
        0.8666250000000001
      ]
    }
  },
  "Finetuning": {
    "top_1": {
      "1": [
        0.931,
        0.847,
        0.85,
        0.91,
        0.809
      ],
      "2": [
        0.836,
        0.862,
        0.939,
        0.932,
        0.769
      ],
      "3": [
        0.842,
        0.94,
        0.939,
        0.906,
        0.843
      ],
      "4": [
        0.931,
        0.937,
        0.967,
        0.862,
        0.987
      ],
      "5": [
        0.857,
        0.871,
        0.781,
        0.928,
        0.89
      ]
    },
    "bottom_1": {
      "1": [
        0.0,
        0.0,
        0.0,
        0.0,
        0.0
      ],
      "2": [
        0.0,
        0.0,
        0.0,
        0.0,
        0.0
      ],
      "3": [
        0.0,
        0.0,
        0.0,
        0.0,
        0.0
      ],
      "4": [
        0.0,
        0.0,
        0.0,
        0.0,
        0.0
      ],
      "5": [
        0.0,
        0.0,
        0.0,
        0.0,
        0.0
      ]
    },
    "avg_acc": {
      "1": [
        0.1772,
        0.1557,
        0.1597,
        0.1821,
        0.1544
      ],
      "2": [
        0.153,
        0.158,
        0.1818,
        0.1814,
        0.1478
      ],
      "3": [
        0.1547,
        0.1868,
        0.1827,
        0.1727,
        0.1155
      ],
      "4": [
        0.181,
        0.1797,
        0.1815,
        0.1393,
        0.1549
      ],
      "5": [
        0.1564,
        0.1571,
        0.1485,
        0.1847,
        0.1744
      ]
    },
    "ram": [
      2357.4375,
      2358.93359375,
      2358.1328125,
      2358.609375,
      2357.5234375
    ],
    "vram": [
      1764.49267578125,
      1764.49267578125,
      1764.49267578125,
      1764.49267578125,
      1764.49267578125
    ],
    "wc": [
      74.34992265701294,
      71.50345754623413,
      71.54143691062927,
      71.57837128639221,
      71.65426206588745
    ],
    "avg_forgetting": {
      "2": [
        0.8755,
        0.7215,
        0.79,
        0.91,
        0.7390000000000001
      ],