{
  "DER": {
    "top_2": {
      "1": [
        0.9055,
        0.789,
        0.7975000000000001,
        0.8685,
        0.759
      ],
      "2": [
        0.8205,
        0.766,
        0.872,
        0.8660000000000001,
        0.7224999999999999
      ],
      "3": [
        0.7255,
        0.9259999999999999,
        0.903,
        0.837,
        0.77
      ],
      "4": [
        0.8514999999999999,
        0.88,
        0.897,
        0.7605,
        0.792
      ],
      "5": [
        0.849,
        0.8615,
        0.7410000000000001,
        0.944,
        0.876
      ]
    },
    "bottom_2": {
      "1": [
        0.0,
        0.0,
        0.0,
        0.0,
        0.0
      ],
      "2": [
        0.0,
        0.0,
        0.0,
        0.0,
        0.0
      ],
      "3": [
        0.0,
        0.0,
        0.0,
        0.0,
        0.0
      ],
      "4": [
        0.0,
        0.0,
        0.0,
        0.0,
        0.0
      ],
      "5": [
        0.003,
        0.0,
        0.003,
        0.0,
        0.0
      ]
    },
    "avg_acc": {
      "1": [
        0.1813,
        0.1595,
        0.1595,
        0.1737,
        0.152
      ],
      "2": [
        0.2401,
        0.1743,
        0.2115,
        0.2126,
        0.2107
      ],
      "3": [
        0.1953,
        0.2454,
        0.2691,
        0.1891,
        0.2837
      ],
      "4": [
        0.2445,
        0.2883,
        0.2678,
        0.3357,
        0.2959
      ],
      "5": [
        0.2517,
        0.2336,
        0.2776,
        0.2859,
        0.2531
      ]
    },
    "ram": [
      2592.375,
      2592.55859375,
      2594.42578125,
      2593.3671875,
      2593.62890625
    ],
    "vram": [
      1694.25537109375,
      1694.25537109375,
      1694.25537109375,
      1694.25537109375,
      1694.25537109375
    ],
    "wc": [
      252.30235743522644,
      229.07242512702942,
      230.3994221687317,
      230.25409579277039,
      230.00054097175598
    ],
    "avg_forgetting": {
      "2": [
        0.44249999999999995,
        0.684,
        0.6120000000000001,
        0.6715,
        0.42800000000000005
      ],
      "3": [
        0.67925,
        0.627,
        0.6135,
        0.8130000000000001,
        0.39374999999999993
      ],
      "4": [
        0.6546666666666666,
        0.6398333333333333,
        0.7101666666666666,
        0.5511666666666666,
        0.5061666666666667
      ],
      "5": [
        0.69425,
        0.763625,
        0.705625,
        0.7116250000000001,
        0.652125
      ]
    }
  },
  "DER++": {
    "top_2": {
      "1": [
        0.9175,
        0.8009999999999999,
        0.8155,
        0.8785000000000001,
        0.7795
      ],
      "2": [
        0.8135,
        0.7795000000000001,
        0.8009999999999999,
        0.782,
        0.755
      ],
      "3": [
        0.787,
        0.9335,
        0.888,
        0.8305,
        0.785
      ],
      "4": [
        0.836,
        0.8175,
        0.862,
        0.767,
        0.7424999999999999
      ],
      "5": [
        0.8435,
        0.8365,
        0.786,
        0.9319999999999999,
        0.832
      ]
    },
    "bottom_2": {
      "1": [
        0.0,
        0.0,
        0.0,
        0.0,
        0.0
      ],
      "2": [
        0.0,
        0.0,
        0.0,
        0.0,
        0.0
      ],
      "3": [
        0.0,
        0.0,
        0.0,
        0.0,
        0.0
      ],
      "4": [
        0.0,
        0.0,
        0.0,
        0.0,
        0.0
      ],
      "5": [
        0.10450000000000001,
        0.051500000000000004,
        0.0435,
        0.048,
        0.005
      ]
    },
    "avg_acc": {
      "1": [
        0.1836,
        0.1602,
        0.1631,
        0.1757,
        0.1561
      ],
      "2": [
        0.2777,
        0.1948,
        0.2171,
        0.2535,
        0.228
      ],
      "3": [
        0.265,
        0.2754,
        0.3133,
        0.2019,
        0.329
      ],
      "4": [
        0.3517,
        0.3955,
        0.3237,
        0.3704,
        0.4201
      ],
      "5": [
        0.3929,
        0.3576,
        0.4197,
        0.3843,
        0.3755
      ]
    },
    "ram": [
      2593.40234375,
      2591.66796875,
      2593.22265625,
      2594.53125,
      2592.9375
    ],
    "vram": [
      1694.25537109375,
      1694.25537109375,
      1694.25537109375,
      1694.25537109375,
      1694.25537109375
    ],
    "wc": [
      232.56455993652344,
      231.41551733016968,
      231.06408739089966,
      230.94828343391418,
      230.67657208442688
    ],
    "avg_forgetting": {
      "2": [
        0.16199999999999992,
        0.607,
        0.531,
        0.39300000000000007,
        0.39449999999999996
      ],
      "3": [
        0.4725,
        0.5685,
        0.469,
        0.74075,
        0.2865
      ],
      "4": [
        0.4491666666666667,
        0.45133333333333336,
        0.5826666666666666,
        0.4623333333333333,
        0.27133333333333326
      ],
      "5": [
        0.49625,
        0.595,
        0.48525,
        0.562375,
        0.454
      ]
    }
  },
  "EWC": {
    "top_2": {
      "1": [
        0.974
      ],
      "2": [
        0.76
      ],
      "3": [
        0.8200000000000001
      ],
      "4": [
        0.9125000000000001
      ],
      "5": [
        0.8065
      ]
    },
    "bottom_2": {
      "1": [
        0.0
      ],
      "2": [
        0.0
      ],
      "3": [
        0.0
      ],
      "4": [
        0.0
      ],
      "5": [
        0.0
      ]
    },
    "avg_acc": {
      "1": [
        0.1948
      ],
      "2": [
        0.152
      ],
      "3": [
        0.164
      ],
      "4": [
        0.1825
      ],
      "5": [
        0.1613
      ]
    },
    "ram": [
      2364.98828125
    ],
    "vram": [
      1764.49267578125
    ],
    "wc": [
      2858.3808012008667
    ],
    "avg_forgetting": {
      "2": [
        0.974
      ],
      "3": [
        0.867
      ],
      "4": [
        0.8513333333333334
      ],
      "5": [
        0.8666250000000001
      ]
    }
  },
  "Finetuning": {
    "top_2": {
      "1": [
        0.8755,
        0.7215,
        0.79,
        0.91,
        0.7390000000000001
      ],
      "2": [
        0.7649999999999999,
        0.79,
        0.909,
        0.907,
        0.739
      ],
      "3": [
        0.7735,
        0.9339999999999999,
        0.9135,
        0.8634999999999999,
        0.5775
      ],
      "4": [
        0.905,
        0.8985000000000001,
        0.9075,
        0.6965,
        0.7745
      ],
      "5": [
        0.782,
        0.7855,
        0.7424999999999999,
        0.9235,
        0.872
      ]
    },
    "bottom_2": {
      "1": [
        0.0,
        0.001,
        0.0,
        0.0,
        0.0005
      ],
      "2": [
        0.0,
        0.0,
        0.0,
        0.0,
        0.0
      ],
      "3": [
        0.0,
        0.0,
        0.0,
        0.0,
        0.0
      ],
      "4": [
        0.0,
        0.0,
        0.0,
        0.0,
        0.0
      ],
      "5": [
        0.0,
        0.0,
        0.0,
        0.0,
        0.0
      ]
    },
    "avg_acc": {
      "1": [
        0.1772,
        0.1557,
        0.1597,
        0.1821,
        0.1544
      ],
      "2": [
        0.153,
        0.158,
        0.1818,
        0.1814,
        0.1478
      ],
      "3": [
        0.1547,
        0.1868,
        0.1827,
        0.1727,
        0.1155
      ],
      "4": [
        0.181,
        0.1797,
        0.1815,
        0.1393,
        0.1549
      ],
      "5": [
        0.1564,
        0.1571,
        0.1485,
        0.1847,
        0.1744
      ]
    },
    "ram": [
      2357.4375,
      2358.93359375,
      2358.1328125,
      2358.609375,
      2357.5234375
    ],
    "vram": [
      1764.49267578125,
      1764.49267578125,
      1764.49267578125,
      1764.49267578125,
      1764.49267578125
    ],