{
  "DER": {
    "top_5": {
      "1": [
        0.3626,
        0.319,
        0.31900000000000006,
        0.34740000000000004,
        0.304
      ],
      "2": [
        0.48019999999999996,
        0.34859999999999997,
        0.42300000000000004,
        0.4252000000000001,
        0.42140000000000005
      ],
      "3": [
        0.39039999999999997,
        0.49079999999999996,
        0.5294,
        0.3782,
        0.5409999999999999
      ],
      "4": [
        0.45779999999999993,
        0.5700000000000001,
        0.516,
        0.638,
        0.5708
      ],
      "5": [
        0.45280000000000004,
        0.462,
        0.5032000000000001,
        0.5544,
        0.4732
      ]
    },
    "bottom_5": {
      "1": [
        0.0,
        0.0,
        0.0,
        0.0,
        0.0
      ],
      "2": [
        0.0,
        0.0,
        0.0,
        0.0,
        0.0
      ],
      "3": [
        0.0002,
        0.0,
        0.008799999999999999,
        0.0,
        0.0264
      ],
      "4": [
        0.0312,
        0.0066,
        0.0196,
        0.0334,
        0.020999999999999998
      ],
      "5": [
        0.0506,
        0.005200000000000001,
        0.052000000000000005,
        0.017400000000000002,
        0.033
      ]
    },
    "avg_acc": {
      "1": [
        0.1813,
        0.1595,
        0.1595,
        0.1737,
        0.152
      ],
      "2": [
        0.2401,
        0.1743,
        0.2115,
        0.2126,
        0.2107
      ],
      "3": [
        0.1953,
        0.2454,
        0.2691,
        0.1891,
        0.2837
      ],
      "4": [
        0.2445,
        0.2883,
        0.2678,
        0.3357,
        0.2959
      ],
      "5": [
        0.2517,
        0.2336,
        0.2776,
        0.2859,
        0.2531
      ]
    },
    "ram": [
      2592.375,
      2592.55859375,
      2594.42578125,
      2593.3671875,
      2593.62890625
    ],
    "vram": [
      1694.25537109375,
      1694.25537109375,
      1694.25537109375,
      1694.25537109375,
      1694.25537109375
    ],
    "wc": [
      252.30235743522644,
      229.07242512702942,
      230.3994221687317,
      230.25409579277039,
      230.00054097175598
    ],
    "avg_forgetting": {
      "2": [
        0.44249999999999995,
        0.684,
        0.6120000000000001,
        0.6715,
        0.42800000000000005
      ],
      "3": [
        0.67925,
        0.627,
        0.6135,
        0.8130000000000001,
        0.39374999999999993
      ],
      "4": [
        0.6546666666666666,
        0.6398333333333333,
        0.7101666666666666,
        0.5511666666666666,
        0.5061666666666667
      ],
      "5": [
        0.69425,
        0.763625,
        0.705625,
        0.7116250000000001,
        0.652125
      ]
    }
  },
  "DER++": {
    "top_5": {
      "1": [
        0.36719999999999997,
        0.32039999999999996,
        0.3262,
        0.35140000000000005,
        0.3121999999999999
      ],
      "2": [
        0.5554,
        0.38960000000000006,
        0.4342,
        0.507,
        0.45599999999999996
      ],
      "3": [
        0.5256000000000001,
        0.5268,
        0.6008,
        0.40379999999999994,
        0.602
      ],
      "4": [
        0.6489999999999999,
        0.716,
        0.599,
        0.6892,
        0.6819999999999998
      ],
      "5": [
        0.6197999999999999,
        0.5844,
        0.6484,
        0.6458,
        0.6097999999999999
      ]
    },
    "bottom_5": {
      "1": [
        0.0,
        0.0,
        0.0,
        0.0,
        0.0
      ],
      "2": [
        0.0,
        0.0,
        0.0,
        0.0,
        0.0
      ],
      "3": [
        0.004399999999999999,
        0.024,
        0.0258,
        0.0,
        0.05600000000000001
      ],
      "4": [
        0.054400000000000004,
        0.075,
        0.0484,
        0.0516,
        0.1582
      ],
      "5": [
        0.16599999999999998,
        0.1308,
        0.191,
        0.12279999999999999,
        0.1412
      ]
    },
    "avg_acc": {
      "1": [
        0.1836,
        0.1602,
        0.1631,
        0.1757,
        0.1561
      ],
      "2": [
        0.2777,
        0.1948,
        0.2171,
        0.2535,
        0.228
      ],
      "3": [
        0.265,
        0.2754,
        0.3133,
        0.2019,
        0.329
      ],
      "4": [
        0.3517,
        0.3955,
        0.3237,
        0.3704,
        0.4201
      ],
      "5": [
        0.3929,
        0.3576,
        0.4197,
        0.3843,
        0.3755
      ]
    },
    "ram": [
      2593.40234375,
      2591.66796875,
      2593.22265625,
      2594.53125,
      2592.9375
    ],
    "vram": [
      1694.25537109375,
      1694.25537109375,
      1694.25537109375,
      1694.25537109375,
      1694.25537109375
    ],
    "wc": [
      232.56455993652344,
      231.41551733016968,
      231.06408739089966,
      230.94828343391418,
      230.67657208442688
    ],
    "avg_forgetting": {
      "2": [
        0.16199999999999992,
        0.607,
        0.531,
        0.39300000000000007,
        0.39449999999999996
      ],
      "3": [
        0.4725,
        0.5685,
        0.469,
        0.74075,
        0.2865
      ],
      "4": [
        0.4491666666666667,
        0.45133333333333336,
        0.5826666666666666,
        0.4623333333333333,
        0.27133333333333326
      ],
      "5": [
        0.49625,
        0.595,
        0.48525,
        0.562375,
        0.454
      ]
    }
  },
  "EWC": {
    "top_5": {
      "1": [
        0.3896
      ],
      "2": [
        0.304
      ],
      "3": [
        0.328
      ],
      "4": [
        0.36500000000000005
      ],
      "5": [
        0.3226
      ]
    },
    "bottom_5": {
      "1": [
        0.0
      ],
      "2": [
        0.0
      ],
      "3": [
        0.0
      ],
      "4": [
        0.0
      ],
      "5": [
        0.0
      ]
    },
    "avg_acc": {
      "1": [
        0.1948
      ],
      "2": [
        0.152
      ],
      "3": [
        0.164
      ],
      "4": [
        0.1825
      ],
      "5": [
        0.1613
      ]
    },
    "ram": [
      2364.98828125
    ],
    "vram": [
      1764.49267578125
    ],
    "wc": [
      2858.3808012008667
    ],
    "avg_forgetting": {
      "2": [
        0.974
      ],
      "3": [
        0.867
      ],
      "4": [
        0.8513333333333334
      ],
      "5": [
        0.8666250000000001
      ]
    }
  },
  "Finetuning": {
    "top_5": {
      "1": [
        0.35379999999999995,
        0.3076,
        0.3186,
        0.36419999999999997,
        0.30460000000000004
      ],
      "2": [
        0.30599999999999994,
        0.316,
        0.36360000000000003,
        0.3628,
        0.2956
      ],
      "3": [
        0.3094,
        0.3736,
        0.3654,
        0.3454,
        0.231
      ],
      "4": [
        0.362,
        0.35940000000000005,
        0.363,
        0.2786,
        0.30979999999999996
      ],
      "5": [
        0.3128,
        0.3142,
        0.297,
        0.3694,
        0.3488
      ]
    },
    "bottom_5": {
      "1": [
        0.0006000000000000001,
        0.0038,
        0.0008,
        0.0,
        0.0042
      ],
      "2": [
        0.0,
        0.0,
        0.0,
        0.0,
        0.0
      ],
      "3": [
        0.0,
        0.0,
        0.0,
        0.0,
        0.0
      ],
      "4": [
        0.0,
        0.0,
        0.0,
        0.0,
        0.0
      ],
      "5": [
        0.0,
        0.0,
        0.0,
        0.0,
        0.0
      ]
    },
    "avg_acc": {
      "1": [
        0.1772,
        0.1557,
        0.1597,
        0.1821,
        0.1544
      ],
      "2": [
        0.153,
        0.158,
        0.1818,
        0.1814,
        0.1478
      ],
      "3": [
        0.1547,
        0.1868,
        0.1827,
        0.1727,
        0.1155
      ],
      "4": [
        0.181,
        0.1797,
        0.1815,
        0.1393,
        0.1549
      ],