{
  "DER": {
    "top_5": {
      "1": [
        0.594,
        0.546,
        0.6360000000000001,
        0.572,
        0.594
      ],
      "2": [
        0.696,
        0.6360000000000001,
        0.5820000000000001,
        0.6439999999999999,
        0.5740000000000001
      ],
      "3": [
        0.62,
        0.514,
        0.584,
        0.5820000000000001,
        0.634
      ],
      "4": [
        0.5940000000000001,
        0.5640000000000001,
        0.698,
        0.536,
        0.726
      ],
      "5": [
        0.6479999999999999,
        0.6,
        0.54,
        0.61,
        0.616
      ]
    },
    "bottom_5": {
      "1": [
        0.0,
        0.0,
        0.0,
        0.0,
        0.0
      ],
      "2": [
        0.0,
        0.0,
        0.0,
        0.0,
        0.0
      ],
      "3": [
        0.0,
        0.0,
        0.0,
        0.0,
        0.0
      ],
      "4": [
        0.0,
        0.0,
        0.0,
        0.0,
        0.0
      ],
      "5": [
        0.0,
        0.0,
        0.0,
        0.0,
        0.0
      ]
    },
    "avg_acc": {
      "1": [
        0.0609,
        0.0424,
        0.0529,
        0.0552,
        0.0484
      ],
      "2": [
        0.0669,
        0.062,
        0.0583,
        0.0619,
        0.0623
      ],
      "3": [
        0.0602,
        0.0618,
        0.058,
        0.0648,
        0.0631
      ],
      "4": [
        0.062,
        0.0707,
        0.0672,
        0.0565,
        0.0789
      ],
      "5": [
        0.0692,
        0.0637,
        0.0688,
        0.0603,
        0.0644
      ]
    },
    "ram": [
      2606.34375,
      2604.55859375,
      2606.703125,
      2608.2578125,
      2606.17578125
    ],
    "vram": [
      193.50341796875,
      193.50341796875,
      193.50341796875,
      193.50341796875,
      193.50341796875
    ],
    "wc": [
      186.13618874549866,
      186.5523133277893,
      186.83288168907166,
      187.51655387878418,
      186.77276015281677
    ]
  },
  "DER++": {
    "top_5": {
      "1": [
        0.65,
        0.616,
        0.628,
        0.5439999999999999,
        0.5800000000000001
      ],
      "2": [
        0.6900000000000001,
        0.586,
        0.594,
        0.6139999999999999,
        0.536
      ],
      "3": [
        0.6819999999999999,
        0.588,
        0.656,
        0.62,
        0.5959999999999999
      ],
      "4": [
        0.57,
        0.6599999999999999,
        0.724,
        0.6559999999999999,
        0.6539999999999999
      ],
      "5": [
        0.678,
        0.6060000000000001,
        0.582,
        0.6599999999999999,
        0.62
      ]
    },
    "bottom_5": {
      "1": [
        0.0,
        0.0,
        0.0,
        0.0,
        0.0
      ],
      "2": [
        0.0,
        0.0,
        0.0,
        0.0,
        0.0
      ],
      "3": [
        0.0,
        0.0,
        0.0,
        0.0,
        0.0
      ],
      "4": [
        0.0,
        0.0,
        0.0,
        0.0,
        0.0
      ],
      "5": [
        0.0,
        0.0,
        0.0,
        0.0,
        0.0
      ]
    },
    "avg_acc": {
      "1": [
        0.0655,
        0.052,
        0.063,
        0.0522,
        0.0624
      ],
      "2": [
        0.0855,
        0.0763,
        0.0787,
        0.0825,
        0.0773
      ],
      "3": [
        0.092,
        0.0813,
        0.0925,
        0.106,
        0.0776
      ],
      "4": [
        0.0919,
        0.1063,
        0.0876,
        0.098,
        0.1071
      ],
      "5": [
        0.1085,
        0.11,
        0.0928,
        0.1154,
        0.0958
      ]
    },
    "ram": [
      2604.921875,
      2605.71875,
      2606.69921875,
      2607.21484375,
      2605.734375
    ],
    "vram": [
      193.50341796875,
      193.50341796875,
      193.50341796875,
      193.50341796875,
      193.50341796875
    ],
    "wc": [
      193.3550956249237,
      186.73230862617493,
      187.0479896068573,
      186.84811067581177,
      186.7881944179535
    ]
  },
  "EWC": {
    "top_5": {
      "1": [
        0.8160000000000001,
        0.868,
        0.8140000000000001,
        0.858,
        0.8
      ],
      "2": [
        0.834,
        0.8320000000000001,
        0.8160000000000001,
        0.8800000000000001,
        0.8219999999999998
      ],
      "3": [
        0.826,
        0.642,
        0.7140000000000001,
        0.722,
        0.726
      ],
      "4": [
        0.718,
        0.6779999999999999,
        0.528,
        0.642,
        0.5660000000000001
      ],
      "5": [
        0.588,
        0.49399999999999994,
        0.46399999999999997,
        0.544,
        0.40199999999999997
      ]
    },
    "bottom_5": {
      "1": [
        0.0,
        0.0,
        0.0,
        0.0,
        0.0
      ],
      "2": [
        0.0,
        0.0,
        0.0,
        0.0,
        0.0
      ],
      "3": [
        0.0,
        0.0,
        0.0,
        0.0,
        0.0
      ],
      "4": [
        0.0,
        0.0,
        0.0,
        0.0,
        0.0
      ],
      "5": [
        0.0,
        0.0,
        0.0,
        0.0,
        0.0
      ]
    },
    "avg_acc": {
      "1": [
        0.1216,
        0.1297,
        0.1292,
        0.1334,
        0.1229
      ],
      "2": [
        0.1164,
        0.1182,
        0.1163,
        0.1167,
        0.1213
      ],
      "3": [
        0.1072,
        0.0855,
        0.1011,
        0.1036,
        0.1029
      ],
      "4": [
        0.077,
        0.0727,
        0.0428,
        0.0574,
        0.0682
      ],
      "5": [
        0.0544,
        0.0394,
        0.0492,
        0.0559,
        0.0455
      ]
    },
    "ram": [
      2345.78515625,
      2353.52734375,
      2370.453125,
      2370.79296875,
      2371.67578125
    ],
    "vram": [
      243.71044921875,
      243.71044921875,
      243.71044921875,
      243.71044921875,
      243.71044921875
    ],
    "wc": [
      2124.0741481781006,
      2045.2365791797638,
      2046.121214389801,
      2063.5956892967224,
      2052.6248881816864
    ]
  },
  "Finetuning": {
    "top_5": {
      "1": [
        0.492,
        0.5539999999999999,
        0.5980000000000001,
        0.5780000000000001,
        0.5299999999999999
      ],
      "2": [
        0.5700000000000001,
        0.62,
        0.524,
        0.6479999999999999,
        0.434
      ],
      "3": [
        0.378,
        0.508,
        0.42800000000000005,
        0.606,
        0.572
      ],
      "4": [
        0.608,
        0.546,
        0.5780000000000001,
        0.442,
        0.562
      ],
      "5": [
        0.58,
        0.34199999999999997,
        0.45999999999999996,
        0.6039999999999999,
        0.538
      ]
    },
    "bottom_5": {
      "1": [
        0.0,
        0.0,
        0.0,
        0.0,
        0.0
      ],
      "2": [
        0.0,
        0.0,
        0.0,
        0.0,
        0.0
      ],
      "3": [
        0.0,
        0.0,
        0.0,
        0.0,
        0.0
      ],
      "4": [
        0.0,
        0.0,
        0.0,
        0.0,
        0.0
      ],
      "5": [
        0.0,
        0.0,
        0.0,
        0.0,
        0.0
      ]
    },
    "avg_acc": {
      "1": [
        0.0433,
        0.0314,
        0.0391,
        0.0414,
        0.0448
      ],
      "2": [
        0.0355,
        0.0379,
        0.0396,
        0.0458,
        0.0392
      ],
      "3": [
        0.0217,
        0.0279,
        0.0223,
        0.0379,
        0.0339
      ],
      "4": [
        0.0454,
        0.0292,
        0.0368,
        0.028,
        0.0372
      ],
      "5": [
        0.0335,
        0.0198,
        0.0293,
        0.043,
        0.0384
      ]
    },
    "ram": [
      2370.09765625,
      2368.3984375,
      2368.75390625,
      2369.2421875,
      2369.43359375
    ],
    "vram": [
      243.71044921875,
      243.71044921875,
      243.71044921875,
      243.71044921875,
      243.71044921875
    ],