{
  "DER": {
    "top_1": {
      "1": [
        0.951
      ],
      "2": [
        0.911
      ],
      "3": [
        0.879
      ],
      "4": [
        0.976
      ],
      "5": [
        0.923
      ]
    },
    "bottom_1": {
      "1": [
        0.0
      ],
      "2": [
        0.0
      ],
      "3": [
        0.0
      ],
      "4": [
        0.0
      ],
      "5": [
        0.016
      ]
    },
    "avg_acc": {
      "1": [
        0.1824
      ],
      "2": [
        0.2385
      ],
      "3": [
        0.2446
      ],
      "4": [
        0.2992
      ],
      "5": [
        0.3299
      ]
    },
    "ram": [
      2519.59765625
    ],
    "vram": [
      1694.25537109375
    ],
    "wc": [
      230.92432951927185
    ],
    "avg_forgetting": {
      "2": [
        0.42149999999999993
      ],
      "3": [
        0.567
      ],
      "4": [
        0.571
      ],
      "5": [
        0.5979999999999999
      ]
    }
  },
  "DER++": {
    "top_1": {
      "1": [
        0.95
      ],
      "2": [
        0.895
      ],
      "3": [
        0.784
      ],
      "4": [
        0.904
      ],
      "5": [
        0.874
      ]
    },
    "bottom_1": {
      "1": [
        0.0
      ],
      "2": [
        0.0
      ],
      "3": [
        0.0
      ],
      "4": [
        0.0
      ],
      "5": [
        0.077
      ]
    },
    "avg_acc": {
      "1": [
        0.1846
      ],
      "2": [
        0.2565
      ],
      "3": [
        0.2995
      ],
      "4": [
        0.3664
      ],
      "5": [
        0.4181
      ]
    },
    "ram": [
      2519.58203125
    ],
    "vram": [
      1694.25537109375
    ],
    "wc": [
      231.83634734153748
    ],
    "avg_forgetting": {
      "2": [
        0.28300000000000003
      ],
      "3": [
        0.4085000000000001
      ],
      "4": [
        0.41400000000000003
      ],
      "5": [
        0.43425
      ]
    }
  },
  "EWC": {
    "top_1": {
      "1": [
        0.982
      ],
      "2": [
        0.964
      ],
      "3": [
        0.838
      ],
      "4": [
        0.779
      ],
      "5": [
        0.837
      ]
    },
    "bottom_1": {
      "1": [
        0.0
      ],
      "2": [
        0.0
      ],
      "3": [
        0.0
      ],
      "4": [
        0.0
      ],
      "5": [
        0.0
      ]
    },
    "avg_acc": {
      "1": [
        0.1941
      ],
      "2": [
        0.2015
      ],
      "3": [
        0.2016
      ],
      "4": [
        0.1743
      ],
      "5": [
        0.171
      ]
    },
    "ram": [
      2365.34765625
    ],
    "vram": [
      1764.49267578125
    ],
    "wc": [
      2761.4009470939636
    ],
    "avg_forgetting": {
      "2": [
        0.03699999999999992
      ],
      "3": [
        0.05400000000000001
      ],
      "4": [
        0.2713333333333333
      ],
      "5": [
        0.360125
      ]
    }
  },
  "Finetuning": {
    "top_1": {
      "1": [
        0.931,
        0.847,
        0.85,
        0.91,
        0.809
      ],
      "2": [
        0.836,
        0.862,
        0.939,
        0.932,
        0.769
      ],
      "3": [
        0.842,
        0.94,
        0.939,
        0.906,
        0.843
      ],
      "4": [
        0.931,
        0.937,
        0.967,
        0.862,
        0.987
      ],
      "5": [
        0.857,
        0.871,
        0.781,
        0.928,
        0.89
      ]
    },
    "bottom_1": {
      "1": [
        0.0,
        0.0,
        0.0,
        0.0,
        0.0
      ],
      "2": [
        0.0,
        0.0,
        0.0,
        0.0,
        0.0
      ],
      "3": [
        0.0,
        0.0,
        0.0,
        0.0,
        0.0
      ],
      "4": [
        0.0,
        0.0,
        0.0,
        0.0,
        0.0
      ],
      "5": [
        0.0,
        0.0,
        0.0,
        0.0,
        0.0
      ]
    },
    "avg_acc": {
      "1": [
        0.1772,
        0.1557,
        0.1597,
        0.1821,
        0.1544
      ],
      "2": [
        0.153,
        0.158,
        0.1818,
        0.1814,
        0.1478
      ],
      "3": [
        0.1547,
        0.1868,
        0.1827,
        0.1727,
        0.1155
      ],
      "4": [
        0.181,
        0.1797,
        0.1815,
        0.1393,
        0.1549
      ],
      "5": [
        0.1564,
        0.1571,
        0.1485,
        0.1847,
        0.1744
      ]
    },
    "ram": [
      2357.4375,
      2358.93359375,
      2358.1328125,
      2358.609375,
      2357.5234375
    ],
    "vram": [
      1764.49267578125,
      1764.49267578125,
      1764.49267578125,
      1764.49267578125,
      1764.49267578125
    ],
    "wc": [
      74.34992265701294,
      71.50345754623413,
      71.54143691062927,
      71.57837128639221,
      71.65426206588745
    ],
    "avg_forgetting": {
      "2": [
        0.8755,
        0.7215,
        0.79,
        0.91,
        0.7390000000000001
      ],
      "3": [
        0.8202499999999999,
        0.75575,
        0.8495,
        0.9085000000000001,
        0.7390000000000001
      ],
      "4": [
        0.8046666666666665,
        0.8151666666666666,
        0.8708333333333332,
        0.8935000000000001,
        0.6851666666666667
      ],
      "5": [
        0.82975,
        0.8360000000000001,
        0.8799999999999999,
        0.8442500000000001,
        0.7075
      ]
    }
  },
  "GDumb": {
    "top_1": {
      "1": [
        0.967
      ],
      "2": [
        0.883
      ],
      "3": [
        0.802
      ],
      "4": [
        0.755
      ],
      "5": [
        0.652
      ]
    },
    "bottom_1": {
      "1": [
        0.0
      ],
      "2": [
        0.0
      ],
      "3": [
        0.0
      ],
      "4": [
        0.0
      ],
      "5": [
        0.34
      ]
    },
    "avg_acc": {
      "1": [
        0.1915
      ],
      "2": [
        0.2996
      ],
      "3": [
        0.3397
      ],
      "4": [
        0.4019
      ],
      "5": [
        0.4589
      ]
    },
    "ram": [
      2481.7265625
    ],
    "vram": [
      1493.04638671875
    ],
    "wc": [
      1290.631649017334
    ],
    "avg_forgetting": {
      "2": [
        0.15349999999999997
      ],
      "3": [
        0.22649999999999998
      ],
      "4": [
        0.22033333333333327
      ],
      "5": [
        0.25
      ]
    }
  },
  "L2P": {
    "top_1": {
      "1": [
        0.994
      ],
      "2": [
        0.991
      ],
      "3": [
        0.984
      ],
      "4": [
        0.988
      ],
      "5": [
        0.967
      ]
    },
    "bottom_1": {
      "1": [
        0.0
      ],
      "2": [
        0.0
      ],
      "3": [
        0.0
      ],
      "4": [
        0.0
      ],
      "5": [
        0.158
      ]
    },
    "avg_acc": {
      "1": [
        0.1985
      ],
      "2": [
        0.382
      ],
      "3": [
        0.5231
      ],
      "4": [
        0.6476
      ],
      "5": [
        0.756
      ]
    },
    "ram": [
      2317.4296875
    ],
    "vram": [
      1994.27734375
    ],
    "wc": [
      4473.509376525879
    ],
    "avg_forgetting": {
      "2": [
        0.05699999999999994
      ],
      "3": [
        0.16724999999999995
      ],
      "4": [
        0.2326666666666666
      ],
      "5": [
        0.27812499999999996
      ]
    }
  },
  "Novel BN": {
    "top_1": {
      "1": [
        0.931
      ],
      "2": [
        0.95
      ],
      "3": [
        0.937
      ],
      "4": [
        0.96
      ],
      "5": [
        0.93
      ]
    },
    "bottom_1": {
      "1": [
        0.0
      ],
      "2": [
        0.0
      ],
      "3": [
        0.0
      ],
      "4": [
        0.0
      ],
      "5": [
        0.774
      ]
    },
    "avg_acc": {
      "1": [
        0.2441
      ],
      "2": [
        0.4188
      ],
      "3": [
        0.5889
      ],
      "4": [
        0.7755
      ],
      "5": [
        0.8931
      ]
    },
    "ram": [
      2852.71875
    ],
    "vram": [
      1722.673828125
    ],